{
    "train": {
        "loss": 0.07280736416578293,
        "acc": 0.96875
    },
    "epoch": 11,
    "step": 129756,
    "val": {
        "loss": 4.355931282043457,
        "acc": 0.8808227777481079
    },
    "test": {
        "loss": 4.300933361053467,
        "acc": 0.8812989592552185
    }
}
