{
    "train": {
        "loss": 5.048666935181245e-06,
        "acc": 1.0
    },
    "epoch": 21,
    "step": 784854,
    "val": {
        "loss": 0.3895072937011719,
        "acc": 0.9907437562942505
    },
    "test": {
        "loss": 0.09658492356538773,
        "acc": 0.9909243583679199
    }
}
