{
    "train": {
        "loss": 0.022955838590860367,
        "acc": 0.984375
    },
    "epoch": 11,
    "step": 91799,
    "val": {
        "loss": 0.014610537327826023,
        "acc": 0.9947319626808167
    }
}
