{
    "train": {
        "loss": 0.004991575609892607,
        "acc": 1.0
    },
    "epoch": 26,
    "step": 110760,
    "val": {
        "loss": 0.03514797240495682,
        "acc": 0.9854739308357239
    },
    "test": {
        "loss": 0.034510258585214615,
        "acc": 0.9854262471199036
    }
}
