{
    "train": {
        "loss": 0.05181199684739113,
        "acc": 0.9765625
    },
    "epoch": 9,
    "step": 83139,
    "val": {
        "loss": 0.019078796729445457,
        "acc": 0.9925104975700378
    }
}
