{
    "train": {
        "loss": 0.0037196658086031675,
        "acc": 0.9453125
    },
    "epoch": 27,
    "step": 224478,
    "val": {
        "loss": 0.019355567172169685,
        "acc": 0.9091276526451111
    },
    "test": {
        "loss": 0.011151477694511414,
        "acc": 0.9096106290817261
    }
}
