{
    "train": {
        "loss": 0.06879895180463791,
        "acc": 0.65625
    },
    "epoch": 21,
    "step": 495411,
    "val": {
        "loss": 4.415032863616943,
        "acc": 0.40350547432899475
    },
    "test": {
        "loss": 4.4125590324401855,
        "acc": 0.40350547432899475
    }
}
