{
    "train": {
        "loss": 0.0771031305193901,
        "acc": 0.9375
    },
    "epoch": 11,
    "step": 1025090,
    "val": {
        "loss": 0.2813970744609833,
        "acc": 0.855814516544342
    },
    "test": {
        "loss": 0.28153544664382935,
        "acc": 0.855814516544342
    }
}
