{
    "train": {
        "loss": 0.022614678367972374,
        "acc": 0.96875
    },
    "epoch": 8,
    "step": 88949,
    "val": {
        "loss": 0.6826381683349609,
        "acc": 0.9327629804611206
    }
}
