{
    "train": {
        "loss": 0.26776713132858276,
        "acc": 0.875
    },
    "epoch": 25,
    "step": 490325,
    "val": {
        "loss": 0.26784253120422363,
        "acc": 0.8760742545127869
    },
    "test": {
        "loss": 0.2678681015968323,
        "acc": 0.8760742545127869
    }
}
