{
    "train": {
        "loss": 2.9659344363608398e-05,
        "acc": 1.0
    },
    "epoch": 45,
    "step": 67399,
    "val": {
        "loss": 9.799628605833277e-05,
        "acc": 0.9990402460098267
    }
}
