{
    "train": {
        "loss": 0.011545784771442413,
        "acc": 0.99609375
    },
    "epoch": 47,
    "step": 200220,
    "val": {
        "loss": 0.031863801181316376,
        "acc": 0.9853143692016602
    },
    "test": {
        "loss": 0.031510818749666214,
        "acc": 0.9854848980903625
    }
}
