{
    "train": {
        "loss": 5.4994437959976494e-05
    },
    "epoch": 9,
    "step": 64299,
    "val": {
        "loss": 0.002094847150146961,
        "acc": 0.9996403455734253
    }
}
