{
    "train": {
        "loss": 0.16829615831375122,
        "acc": 0.96875
    },
    "epoch": 24,
    "step": 566184,
    "val": {
        "loss": 0.1876392662525177,
        "acc": 0.8635568022727966
    },
    "test": {
        "loss": 0.18766915798187256,
        "acc": 0.8635568022727966
    }
}
