{
    "train": {
        "loss": 0.0012604310177266598
    },
    "epoch": 0,
    "step": 6429,
    "val": {
        "loss": 0.008130119182169437,
        "acc": 0.9975405931472778
    }
}
