{
    "train": {
        "loss": 0.010096205398440361,
        "acc": 1.0
    },
    "epoch": 10,
    "step": 332550,
    "val": {
        "loss": 0.0137861967086792,
        "acc": 0.994929313659668
    },
    "test": {
        "loss": 0.01378617063164711,
        "acc": 0.994929313659668
    }
}
