{
    "train": {
        "loss": 0.21726810932159424,
        "acc": 0.96875
    },
    "epoch": 16,
    "step": 465088,
    "val": {
        "loss": 0.1391776204109192,
        "acc": 0.9873106479644775
    },
    "test": {
        "loss": 0.6014032959938049,
        "acc": 0.987399697303772
    }
}
