{
    "train": {
        "loss": 0.00033009666367433965,
        "acc": 1.0
    },
    "epoch": 5,
    "step": 32899,
    "val": {
        "loss": 0.0016053132712841034,
        "acc": 0.9995722770690918
    }
}
