{
    "train": {
        "loss": 0.2164190709590912,
        "acc": 0.640625
    },
    "epoch": 0,
    "step": 19599
}
