{
    "train": {
        "loss": 0.0017807536059990525,
        "acc": 0.96875
    },
    "epoch": 33,
    "step": 282480,
    "val": {
        "loss": 0.013011184521019459,
        "acc": 0.945203423500061
    },
    "test": {
        "loss": 0.0067154960706830025,
        "acc": 0.9451335668563843
    }
}
