{
    "train": {
        "loss": 0.10418198257684708,
        "acc": 0.8671875
    },
    "epoch": 22,
    "step": 205766,
    "val": {
        "loss": 0.015231622382998466,
        "acc": 0.9125275611877441
    },
    "test": {
        "loss": 0.018566057085990906,
        "acc": 0.912809431552887
    }
}
